--
-- PostgreSQL database dump
--

-- Dumped from database version 14.12 (Homebrew)
-- Dumped by pg_dump version 14.12 (Homebrew)

SET statement_timeout = 0;
SET lock_timeout = 0;
SET idle_in_transaction_session_timeout = 0;
SET client_encoding = 'UTF8';
SET standard_conforming_strings = on;
SELECT pg_catalog.set_config('search_path', '', false);
SET check_function_bodies = false;
SET xmloption = content;
SET client_min_messages = warning;
SET row_security = off;

SET default_tablespace = '';

SET default_table_access_method = heap;

--
-- Name: auth_group; Type: TABLE; Schema: public; Owner: dimastepanov
--

CREATE TABLE public.auth_group (
    id integer NOT NULL,
    name character varying(150) NOT NULL
);


ALTER TABLE public.auth_group OWNER TO dimastepanov;

--
-- Name: auth_group_id_seq; Type: SEQUENCE; Schema: public; Owner: dimastepanov
--

ALTER TABLE public.auth_group ALTER COLUMN id ADD GENERATED BY DEFAULT AS IDENTITY (
    SEQUENCE NAME public.auth_group_id_seq
    START WITH 1
    INCREMENT BY 1
    NO MINVALUE
    NO MAXVALUE
    CACHE 1
);


--
-- Name: auth_group_permissions; Type: TABLE; Schema: public; Owner: dimastepanov
--

CREATE TABLE public.auth_group_permissions (
    id bigint NOT NULL,
    group_id integer NOT NULL,
    permission_id integer NOT NULL
);


ALTER TABLE public.auth_group_permissions OWNER TO dimastepanov;

--
-- Name: auth_group_permissions_id_seq; Type: SEQUENCE; Schema: public; Owner: dimastepanov
--

ALTER TABLE public.auth_group_permissions ALTER COLUMN id ADD GENERATED BY DEFAULT AS IDENTITY (
    SEQUENCE NAME public.auth_group_permissions_id_seq
    START WITH 1
    INCREMENT BY 1
    NO MINVALUE
    NO MAXVALUE
    CACHE 1
);


--
-- Name: auth_permission; Type: TABLE; Schema: public; Owner: dimastepanov
--

CREATE TABLE public.auth_permission (
    id integer NOT NULL,
    name character varying(255) NOT NULL,
    content_type_id integer NOT NULL,
    codename character varying(100) NOT NULL
);


ALTER TABLE public.auth_permission OWNER TO dimastepanov;

--
-- Name: auth_permission_id_seq; Type: SEQUENCE; Schema: public; Owner: dimastepanov
--

ALTER TABLE public.auth_permission ALTER COLUMN id ADD GENERATED BY DEFAULT AS IDENTITY (
    SEQUENCE NAME public.auth_permission_id_seq
    START WITH 1
    INCREMENT BY 1
    NO MINVALUE
    NO MAXVALUE
    CACHE 1
);


--
-- Name: auth_user; Type: TABLE; Schema: public; Owner: dimastepanov
--

CREATE TABLE public.auth_user (
    id integer NOT NULL,
    password character varying(128) NOT NULL,
    last_login timestamp with time zone,
    is_superuser boolean NOT NULL,
    username character varying(150) NOT NULL,
    first_name character varying(150) NOT NULL,
    last_name character varying(150) NOT NULL,
    email character varying(254) NOT NULL,
    is_staff boolean NOT NULL,
    is_active boolean NOT NULL,
    date_joined timestamp with time zone NOT NULL
);


ALTER TABLE public.auth_user OWNER TO dimastepanov;

--
-- Name: auth_user_groups; Type: TABLE; Schema: public; Owner: dimastepanov
--

CREATE TABLE public.auth_user_groups (
    id bigint NOT NULL,
    user_id integer NOT NULL,
    group_id integer NOT NULL
);


ALTER TABLE public.auth_user_groups OWNER TO dimastepanov;

--
-- Name: auth_user_groups_id_seq; Type: SEQUENCE; Schema: public; Owner: dimastepanov
--

ALTER TABLE public.auth_user_groups ALTER COLUMN id ADD GENERATED BY DEFAULT AS IDENTITY (
    SEQUENCE NAME public.auth_user_groups_id_seq
    START WITH 1
    INCREMENT BY 1
    NO MINVALUE
    NO MAXVALUE
    CACHE 1
);


--
-- Name: auth_user_id_seq; Type: SEQUENCE; Schema: public; Owner: dimastepanov
--

ALTER TABLE public.auth_user ALTER COLUMN id ADD GENERATED BY DEFAULT AS IDENTITY (
    SEQUENCE NAME public.auth_user_id_seq
    START WITH 1
    INCREMENT BY 1
    NO MINVALUE
    NO MAXVALUE
    CACHE 1
);


--
-- Name: auth_user_user_permissions; Type: TABLE; Schema: public; Owner: dimastepanov
--

CREATE TABLE public.auth_user_user_permissions (
    id bigint NOT NULL,
    user_id integer NOT NULL,
    permission_id integer NOT NULL
);


ALTER TABLE public.auth_user_user_permissions OWNER TO dimastepanov;

--
-- Name: auth_user_user_permissions_id_seq; Type: SEQUENCE; Schema: public; Owner: dimastepanov
--

ALTER TABLE public.auth_user_user_permissions ALTER COLUMN id ADD GENERATED BY DEFAULT AS IDENTITY (
    SEQUENCE NAME public.auth_user_user_permissions_id_seq
    START WITH 1
    INCREMENT BY 1
    NO MINVALUE
    NO MAXVALUE
    CACHE 1
);


--
-- Name: core_admin; Type: TABLE; Schema: public; Owner: dimastepanov
--

CREATE TABLE public.core_admin (
    id bigint NOT NULL,
    name character varying(100) NOT NULL,
    email character varying(254) NOT NULL,
    password character varying(100) NOT NULL,
    client_id bigint NOT NULL
);


ALTER TABLE public.core_admin OWNER TO dimastepanov;

--
-- Name: core_admin_id_seq; Type: SEQUENCE; Schema: public; Owner: dimastepanov
--

ALTER TABLE public.core_admin ALTER COLUMN id ADD GENERATED BY DEFAULT AS IDENTITY (
    SEQUENCE NAME public.core_admin_id_seq
    START WITH 1
    INCREMENT BY 1
    NO MINVALUE
    NO MAXVALUE
    CACHE 1
);


--
-- Name: core_bot; Type: TABLE; Schema: public; Owner: dimastepanov
--

CREATE TABLE public.core_bot (
    id bigint NOT NULL,
    name character varying(100) NOT NULL,
    token character varying(200) NOT NULL,
    client_id bigint NOT NULL
);


ALTER TABLE public.core_bot OWNER TO dimastepanov;

--
-- Name: core_bot_id_seq; Type: SEQUENCE; Schema: public; Owner: dimastepanov
--

ALTER TABLE public.core_bot ALTER COLUMN id ADD GENERATED BY DEFAULT AS IDENTITY (
    SEQUENCE NAME public.core_bot_id_seq
    START WITH 1
    INCREMENT BY 1
    NO MINVALUE
    NO MAXVALUE
    CACHE 1
);


--
-- Name: core_client; Type: TABLE; Schema: public; Owner: dimastepanov
--

CREATE TABLE public.core_client (
    id bigint NOT NULL,
    name character varying(100) NOT NULL,
    email character varying(254) NOT NULL,
    password character varying(100) NOT NULL,
    master_admin_id bigint NOT NULL
);


ALTER TABLE public.core_client OWNER TO dimastepanov;

--
-- Name: core_client_id_seq; Type: SEQUENCE; Schema: public; Owner: dimastepanov
--

ALTER TABLE public.core_client ALTER COLUMN id ADD GENERATED BY DEFAULT AS IDENTITY (
    SEQUENCE NAME public.core_client_id_seq
    START WITH 1
    INCREMENT BY 1
    NO MINVALUE
    NO MAXVALUE
    CACHE 1
);


--
-- Name: core_masteradmin; Type: TABLE; Schema: public; Owner: dimastepanov
--

CREATE TABLE public.core_masteradmin (
    id bigint NOT NULL,
    password character varying(128) NOT NULL,
    last_login timestamp with time zone,
    email character varying(254) NOT NULL,
    name character varying(100) NOT NULL,
    is_active boolean NOT NULL,
    is_admin boolean NOT NULL
);


ALTER TABLE public.core_masteradmin OWNER TO dimastepanov;

--
-- Name: core_masteradmin_groups; Type: TABLE; Schema: public; Owner: dimastepanov
--

CREATE TABLE public.core_masteradmin_groups (
    id bigint NOT NULL,
    masteradmin_id bigint NOT NULL,
    group_id integer NOT NULL
);


ALTER TABLE public.core_masteradmin_groups OWNER TO dimastepanov;

--
-- Name: core_masteradmin_groups_id_seq; Type: SEQUENCE; Schema: public; Owner: dimastepanov
--

ALTER TABLE public.core_masteradmin_groups ALTER COLUMN id ADD GENERATED BY DEFAULT AS IDENTITY (
    SEQUENCE NAME public.core_masteradmin_groups_id_seq
    START WITH 1
    INCREMENT BY 1
    NO MINVALUE
    NO MAXVALUE
    CACHE 1
);


--
-- Name: core_masteradmin_id_seq; Type: SEQUENCE; Schema: public; Owner: dimastepanov
--

ALTER TABLE public.core_masteradmin ALTER COLUMN id ADD GENERATED BY DEFAULT AS IDENTITY (
    SEQUENCE NAME public.core_masteradmin_id_seq
    START WITH 1
    INCREMENT BY 1
    NO MINVALUE
    NO MAXVALUE
    CACHE 1
);


--
-- Name: core_masteradmin_user_permissions; Type: TABLE; Schema: public; Owner: dimastepanov
--

CREATE TABLE public.core_masteradmin_user_permissions (
    id bigint NOT NULL,
    masteradmin_id bigint NOT NULL,
    permission_id integer NOT NULL
);


ALTER TABLE public.core_masteradmin_user_permissions OWNER TO dimastepanov;

--
-- Name: core_masteradmin_user_permissions_id_seq; Type: SEQUENCE; Schema: public; Owner: dimastepanov
--

ALTER TABLE public.core_masteradmin_user_permissions ALTER COLUMN id ADD GENERATED BY DEFAULT AS IDENTITY (
    SEQUENCE NAME public.core_masteradmin_user_permissions_id_seq
    START WITH 1
    INCREMENT BY 1
    NO MINVALUE
    NO MAXVALUE
    CACHE 1
);


--
-- Name: core_message; Type: TABLE; Schema: public; Owner: dimastepanov
--

CREATE TABLE public.core_message (
    id bigint NOT NULL,
    user_id character varying(255) NOT NULL,
    text text NOT NULL,
    message_type character varying(50) NOT NULL,
    bot_id character varying(255) NOT NULL,
    created_at timestamp with time zone NOT NULL
);


ALTER TABLE public.core_message OWNER TO dimastepanov;

--
-- Name: core_message_id_seq; Type: SEQUENCE; Schema: public; Owner: dimastepanov
--

ALTER TABLE public.core_message ALTER COLUMN id ADD GENERATED BY DEFAULT AS IDENTITY (
    SEQUENCE NAME public.core_message_id_seq
    START WITH 1
    INCREMENT BY 1
    NO MINVALUE
    NO MAXVALUE
    CACHE 1
);


--
-- Name: django_admin_log; Type: TABLE; Schema: public; Owner: dimastepanov
--

CREATE TABLE public.django_admin_log (
    id integer NOT NULL,
    action_time timestamp with time zone NOT NULL,
    object_id text,
    object_repr character varying(200) NOT NULL,
    action_flag smallint NOT NULL,
    change_message text NOT NULL,
    content_type_id integer,
    user_id integer NOT NULL,
    CONSTRAINT django_admin_log_action_flag_check CHECK ((action_flag >= 0))
);


ALTER TABLE public.django_admin_log OWNER TO dimastepanov;

--
-- Name: django_admin_log_id_seq; Type: SEQUENCE; Schema: public; Owner: dimastepanov
--

ALTER TABLE public.django_admin_log ALTER COLUMN id ADD GENERATED BY DEFAULT AS IDENTITY (
    SEQUENCE NAME public.django_admin_log_id_seq
    START WITH 1
    INCREMENT BY 1
    NO MINVALUE
    NO MAXVALUE
    CACHE 1
);


--
-- Name: django_content_type; Type: TABLE; Schema: public; Owner: dimastepanov
--

CREATE TABLE public.django_content_type (
    id integer NOT NULL,
    app_label character varying(100) NOT NULL,
    model character varying(100) NOT NULL
);


ALTER TABLE public.django_content_type OWNER TO dimastepanov;

--
-- Name: django_content_type_id_seq; Type: SEQUENCE; Schema: public; Owner: dimastepanov
--

ALTER TABLE public.django_content_type ALTER COLUMN id ADD GENERATED BY DEFAULT AS IDENTITY (
    SEQUENCE NAME public.django_content_type_id_seq
    START WITH 1
    INCREMENT BY 1
    NO MINVALUE
    NO MAXVALUE
    CACHE 1
);


--
-- Name: django_migrations; Type: TABLE; Schema: public; Owner: dimastepanov
--

CREATE TABLE public.django_migrations (
    id bigint NOT NULL,
    app character varying(255) NOT NULL,
    name character varying(255) NOT NULL,
    applied timestamp with time zone NOT NULL
);


ALTER TABLE public.django_migrations OWNER TO dimastepanov;

--
-- Name: django_migrations_id_seq; Type: SEQUENCE; Schema: public; Owner: dimastepanov
--

ALTER TABLE public.django_migrations ALTER COLUMN id ADD GENERATED BY DEFAULT AS IDENTITY (
    SEQUENCE NAME public.django_migrations_id_seq
    START WITH 1
    INCREMENT BY 1
    NO MINVALUE
    NO MAXVALUE
    CACHE 1
);


--
-- Name: django_session; Type: TABLE; Schema: public; Owner: dimastepanov
--

CREATE TABLE public.django_session (
    session_key character varying(40) NOT NULL,
    session_data text NOT NULL,
    expire_date timestamp with time zone NOT NULL
);


ALTER TABLE public.django_session OWNER TO dimastepanov;

--
-- Data for Name: auth_group; Type: TABLE DATA; Schema: public; Owner: dimastepanov
--

COPY public.auth_group (id, name) FROM stdin;
\.


--
-- Data for Name: auth_group_permissions; Type: TABLE DATA; Schema: public; Owner: dimastepanov
--

COPY public.auth_group_permissions (id, group_id, permission_id) FROM stdin;
\.


--
-- Data for Name: auth_permission; Type: TABLE DATA; Schema: public; Owner: dimastepanov
--

COPY public.auth_permission (id, name, content_type_id, codename) FROM stdin;
1	Can add log entry	1	add_logentry
2	Can change log entry	1	change_logentry
3	Can delete log entry	1	delete_logentry
4	Can view log entry	1	view_logentry
5	Can add permission	2	add_permission
6	Can change permission	2	change_permission
7	Can delete permission	2	delete_permission
8	Can view permission	2	view_permission
9	Can add group	3	add_group
10	Can change group	3	change_group
11	Can delete group	3	delete_group
12	Can view group	3	view_group
13	Can add user	4	add_user
14	Can change user	4	change_user
15	Can delete user	4	delete_user
16	Can view user	4	view_user
17	Can add content type	5	add_contenttype
18	Can change content type	5	change_contenttype
19	Can delete content type	5	delete_contenttype
20	Can view content type	5	view_contenttype
21	Can add session	6	add_session
22	Can change session	6	change_session
23	Can delete session	6	delete_session
24	Can view session	6	view_session
25	Can add client	7	add_client
26	Can change client	7	change_client
27	Can delete client	7	delete_client
28	Can view client	7	view_client
29	Can add master admin	8	add_masteradmin
30	Can change master admin	8	change_masteradmin
31	Can delete master admin	8	delete_masteradmin
32	Can view master admin	8	view_masteradmin
33	Can add message	9	add_message
34	Can change message	9	change_message
35	Can delete message	9	delete_message
36	Can view message	9	view_message
37	Can add bot	10	add_bot
38	Can change bot	10	change_bot
39	Can delete bot	10	delete_bot
40	Can view bot	10	view_bot
41	Can add admin	11	add_admin
42	Can change admin	11	change_admin
43	Can delete admin	11	delete_admin
44	Can view admin	11	view_admin
\.


--
-- Data for Name: auth_user; Type: TABLE DATA; Schema: public; Owner: dimastepanov
--

COPY public.auth_user (id, password, last_login, is_superuser, username, first_name, last_name, email, is_staff, is_active, date_joined) FROM stdin;
2	pbkdf2_sha256$720000$LuJK0MJbDX6OXanFcB9GzP$ru+3xZvuGlrRQyVmn3T3JXIQSkfnXkStAPWAM6ksHJ4=	\N	f	Dima_test	dima	test	dimatest@test.com	f	t	2024-07-02 14:53:49+07
1	pbkdf2_sha256$720000$WL63OAb2JfnJlGeQ47Lqgf$Nx5DQLdGgcXYyPzJU55BGu4p6BcyDZ440l0dWfsiiRE=	2024-07-03 10:29:41.743581+07	t	dimastepanov			dimastepanov1980@gmail.com	t	t	2024-06-29 22:25:49.850885+07
\.


--
-- Data for Name: auth_user_groups; Type: TABLE DATA; Schema: public; Owner: dimastepanov
--

COPY public.auth_user_groups (id, user_id, group_id) FROM stdin;
\.


--
-- Data for Name: auth_user_user_permissions; Type: TABLE DATA; Schema: public; Owner: dimastepanov
--

COPY public.auth_user_user_permissions (id, user_id, permission_id) FROM stdin;
1	2	1
2	2	2
3	2	3
4	2	4
5	2	5
6	2	6
7	2	7
8	2	8
9	2	9
10	2	10
11	2	11
12	2	12
13	2	13
14	2	14
15	2	15
16	2	16
17	2	17
18	2	18
19	2	19
20	2	20
21	2	21
22	2	22
23	2	23
24	2	24
25	2	25
26	2	26
27	2	27
28	2	28
29	2	29
30	2	30
31	2	31
32	2	32
33	2	33
34	2	34
35	2	35
36	2	36
37	2	37
38	2	38
39	2	39
40	2	40
41	2	41
42	2	42
43	2	43
44	2	44
\.


--
-- Data for Name: core_admin; Type: TABLE DATA; Schema: public; Owner: dimastepanov
--

COPY public.core_admin (id, name, email, password, client_id) FROM stdin;
\.


--
-- Data for Name: core_bot; Type: TABLE DATA; Schema: public; Owner: dimastepanov
--

COPY public.core_bot (id, name, token, client_id) FROM stdin;
\.


--
-- Data for Name: core_client; Type: TABLE DATA; Schema: public; Owner: dimastepanov
--

COPY public.core_client (id, name, email, password, master_admin_id) FROM stdin;
\.


--
-- Data for Name: core_masteradmin; Type: TABLE DATA; Schema: public; Owner: dimastepanov
--

COPY public.core_masteradmin (id, password, last_login, email, name, is_active, is_admin) FROM stdin;
\.


--
-- Data for Name: core_masteradmin_groups; Type: TABLE DATA; Schema: public; Owner: dimastepanov
--

COPY public.core_masteradmin_groups (id, masteradmin_id, group_id) FROM stdin;
\.


--
-- Data for Name: core_masteradmin_user_permissions; Type: TABLE DATA; Schema: public; Owner: dimastepanov
--

COPY public.core_masteradmin_user_permissions (id, masteradmin_id, permission_id) FROM stdin;
\.


--
-- Data for Name: core_message; Type: TABLE DATA; Schema: public; Owner: dimastepanov
--

COPY public.core_message (id, user_id, text, message_type, bot_id, created_at) FROM stdin;
1	12345	Hello	info	Bot_Id123456	2024-06-29 21:03:09.391335+07
2	12345	Hello	info	Bot_Id123456	2024-06-29 21:04:17.037312+07
\.


--
-- Data for Name: django_admin_log; Type: TABLE DATA; Schema: public; Owner: dimastepanov
--

COPY public.django_admin_log (id, action_time, object_id, object_repr, action_flag, change_message, content_type_id, user_id) FROM stdin;
\.


--
-- Data for Name: django_content_type; Type: TABLE DATA; Schema: public; Owner: dimastepanov
--

COPY public.django_content_type (id, app_label, model) FROM stdin;
1	admin	logentry
2	auth	permission
3	auth	group
4	auth	user
5	contenttypes	contenttype
6	sessions	session
7	core	client
8	core	masteradmin
9	core	message
10	core	bot
11	core	admin
\.


--
-- Data for Name: django_migrations; Type: TABLE DATA; Schema: public; Owner: dimastepanov
--

COPY public.django_migrations (id, app, name, applied) FROM stdin;
1	contenttypes	0001_initial	2024-06-29 20:57:54.320364+07
2	auth	0001_initial	2024-06-29 20:57:54.349314+07
3	admin	0001_initial	2024-06-29 20:57:54.358247+07
4	admin	0002_logentry_remove_auto_add	2024-06-29 20:57:54.360222+07
5	admin	0003_logentry_add_action_flag_choices	2024-06-29 20:57:54.36292+07
6	contenttypes	0002_remove_content_type_name	2024-06-29 20:57:54.374109+07
7	auth	0002_alter_permission_name_max_length	2024-06-29 20:57:54.37644+07
8	auth	0003_alter_user_email_max_length	2024-06-29 20:57:54.37854+07
9	auth	0004_alter_user_username_opts	2024-06-29 20:57:54.380375+07
10	auth	0005_alter_user_last_login_null	2024-06-29 20:57:54.38251+07
11	auth	0006_require_contenttypes_0002	2024-06-29 20:57:54.382978+07
12	auth	0007_alter_validators_add_error_messages	2024-06-29 20:57:54.384911+07
13	auth	0008_alter_user_username_max_length	2024-06-29 20:57:54.388855+07
14	auth	0009_alter_user_last_name_max_length	2024-06-29 20:57:54.391412+07
15	auth	0010_alter_group_name_max_length	2024-06-29 20:57:54.395283+07
16	auth	0011_update_proxy_permissions	2024-06-29 20:57:54.397065+07
17	auth	0012_alter_user_first_name_max_length	2024-06-29 20:57:54.399212+07
18	core	0001_initial	2024-06-29 20:57:54.422431+07
19	sessions	0001_initial	2024-06-29 20:57:54.429682+07
\.


--
-- Data for Name: django_session; Type: TABLE DATA; Schema: public; Owner: dimastepanov
--

COPY public.django_session (session_key, session_data, expire_date) FROM stdin;
xpah2mheoj6k7bxugaxcy3dhv73880hi	.eJxVjEEOwiAQRe_C2hAg4Awu3XsGMjBTqRqalHZlvLtt0oVu_3vvv1Widalp7TKnkdVFWXX63TKVp7Qd8IPafdJlass8Zr0r-qBd3yaW1_Vw_w4q9brV5A0wAhv0UgwOroCXc_CMJBDJWg_I6IAG5MxuQxRczEzWBYqQ1ecL4w44EQ:1sNr2V:-BMWIDXcJjCdY8VCrPmyoS_B_jLiI_a7lvlASpaLJck	2024-07-14 16:40:07.678909+07
6lv0a0sv3lge4yp2bc4nxw1i4pbjkw6n	.eJxVjEEOwiAQRe_C2hAg4Awu3XsGMjBTqRqalHZlvLtt0oVu_3vvv1Widalp7TKnkdVFWXX63TKVp7Qd8IPafdJlass8Zr0r-qBd3yaW1_Vw_w4q9brV5A0wAhv0UgwOroCXc_CMJBDJWg_I6IAG5MxuQxRczEzWBYqQ1ecL4w44EQ:1sNspL:FHI1QB13yecr0MamwbETEBkZeyYy4sWYWjM0hvqT5oA	2024-07-14 18:34:39.826926+07
ztq1n271qwrzjta70b0cd1gl34uborma	.eJxVjEEOwiAQRe_C2hAg4Awu3XsGMjBTqRqalHZlvLtt0oVu_3vvv1Widalp7TKnkdVFWXX63TKVp7Qd8IPafdJlass8Zr0r-qBd3yaW1_Vw_w4q9brV5A0wAhv0UgwOroCXc_CMJBDJWg_I6IAG5MxuQxRczEzWBYqQ1ecL4w44EQ:1sNt58:IlHTfsEJLTvPx100iRLglTVXk5FMxVypdexK66Jeebg	2024-07-14 18:50:58.048949+07
t9dalugd16yznr689rs6cjtb1i96zn7m	.eJxVjEEOwiAQRe_C2hAg4Awu3XsGMjBTqRqalHZlvLtt0oVu_3vvv1Widalp7TKnkdVFWXX63TKVp7Qd8IPafdJlass8Zr0r-qBd3yaW1_Vw_w4q9brV5A0wAhv0UgwOroCXc_CMJBDJWg_I6IAG5MxuQxRczEzWBYqQ1ecL4w44EQ:1sOqgf:1uVA6TGlMH3zlNoApcGbXWBi7PavjdrWsiBUOvsd4I4	2024-07-17 10:29:41.744592+07
\.


--
-- Name: auth_group_id_seq; Type: SEQUENCE SET; Schema: public; Owner: dimastepanov
--

SELECT pg_catalog.setval('public.auth_group_id_seq', 1, false);


--
-- Name: auth_group_permissions_id_seq; Type: SEQUENCE SET; Schema: public; Owner: dimastepanov
--

SELECT pg_catalog.setval('public.auth_group_permissions_id_seq', 1, false);


--
-- Name: auth_permission_id_seq; Type: SEQUENCE SET; Schema: public; Owner: dimastepanov
--

SELECT pg_catalog.setval('public.auth_permission_id_seq', 44, true);


--
-- Name: auth_user_groups_id_seq; Type: SEQUENCE SET; Schema: public; Owner: dimastepanov
--

SELECT pg_catalog.setval('public.auth_user_groups_id_seq', 1, false);


--
-- Name: auth_user_id_seq; Type: SEQUENCE SET; Schema: public; Owner: dimastepanov
--

SELECT pg_catalog.setval('public.auth_user_id_seq', 1, true);


--
-- Name: auth_user_user_permissions_id_seq; Type: SEQUENCE SET; Schema: public; Owner: dimastepanov
--

SELECT pg_catalog.setval('public.auth_user_user_permissions_id_seq', 1, false);


--
-- Name: core_admin_id_seq; Type: SEQUENCE SET; Schema: public; Owner: dimastepanov
--

SELECT pg_catalog.setval('public.core_admin_id_seq', 1, false);


--
-- Name: core_bot_id_seq; Type: SEQUENCE SET; Schema: public; Owner: dimastepanov
--

SELECT pg_catalog.setval('public.core_bot_id_seq', 1, false);


--
-- Name: core_client_id_seq; Type: SEQUENCE SET; Schema: public; Owner: dimastepanov
--

SELECT pg_catalog.setval('public.core_client_id_seq', 1, false);


--
-- Name: core_masteradmin_groups_id_seq; Type: SEQUENCE SET; Schema: public; Owner: dimastepanov
--

SELECT pg_catalog.setval('public.core_masteradmin_groups_id_seq', 1, false);


--
-- Name: core_masteradmin_id_seq; Type: SEQUENCE SET; Schema: public; Owner: dimastepanov
--

SELECT pg_catalog.setval('public.core_masteradmin_id_seq', 1, false);


--
-- Name: core_masteradmin_user_permissions_id_seq; Type: SEQUENCE SET; Schema: public; Owner: dimastepanov
--

SELECT pg_catalog.setval('public.core_masteradmin_user_permissions_id_seq', 1, false);


--
-- Name: core_message_id_seq; Type: SEQUENCE SET; Schema: public; Owner: dimastepanov
--

SELECT pg_catalog.setval('public.core_message_id_seq', 2, true);


--
-- Name: django_admin_log_id_seq; Type: SEQUENCE SET; Schema: public; Owner: dimastepanov
--

SELECT pg_catalog.setval('public.django_admin_log_id_seq', 1, false);


--
-- Name: django_content_type_id_seq; Type: SEQUENCE SET; Schema: public; Owner: dimastepanov
--

SELECT pg_catalog.setval('public.django_content_type_id_seq', 11, true);


--
-- Name: django_migrations_id_seq; Type: SEQUENCE SET; Schema: public; Owner: dimastepanov
--

SELECT pg_catalog.setval('public.django_migrations_id_seq', 19, true);


--
-- Name: auth_group auth_group_name_key; Type: CONSTRAINT; Schema: public; Owner: dimastepanov
--

ALTER TABLE ONLY public.auth_group
    ADD CONSTRAINT auth_group_name_key UNIQUE (name);


--
-- Name: auth_group_permissions auth_group_permissions_group_id_permission_id_0cd325b0_uniq; Type: CONSTRAINT; Schema: public; Owner: dimastepanov
--

ALTER TABLE ONLY public.auth_group_permissions
    ADD CONSTRAINT auth_group_permissions_group_id_permission_id_0cd325b0_uniq UNIQUE (group_id, permission_id);


--
-- Name: auth_group_permissions auth_group_permissions_pkey; Type: CONSTRAINT; Schema: public; Owner: dimastepanov
--

ALTER TABLE ONLY public.auth_group_permissions
    ADD CONSTRAINT auth_group_permissions_pkey PRIMARY KEY (id);


--
-- Name: auth_group auth_group_pkey; Type: CONSTRAINT; Schema: public; Owner: dimastepanov
--

ALTER TABLE ONLY public.auth_group
    ADD CONSTRAINT auth_group_pkey PRIMARY KEY (id);


--
-- Name: auth_permission auth_permission_content_type_id_codename_01ab375a_uniq; Type: CONSTRAINT; Schema: public; Owner: dimastepanov
--

ALTER TABLE ONLY public.auth_permission
    ADD CONSTRAINT auth_permission_content_type_id_codename_01ab375a_uniq UNIQUE (content_type_id, codename);


--
-- Name: auth_permission auth_permission_pkey; Type: CONSTRAINT; Schema: public; Owner: dimastepanov
--

ALTER TABLE ONLY public.auth_permission
    ADD CONSTRAINT auth_permission_pkey PRIMARY KEY (id);


--
-- Name: auth_user_groups auth_user_groups_pkey; Type: CONSTRAINT; Schema: public; Owner: dimastepanov
--

ALTER TABLE ONLY public.auth_user_groups
    ADD CONSTRAINT auth_user_groups_pkey PRIMARY KEY (id);


--
-- Name: auth_user_groups auth_user_groups_user_id_group_id_94350c0c_uniq; Type: CONSTRAINT; Schema: public; Owner: dimastepanov
--

ALTER TABLE ONLY public.auth_user_groups
    ADD CONSTRAINT auth_user_groups_user_id_group_id_94350c0c_uniq UNIQUE (user_id, group_id);


--
-- Name: auth_user auth_user_pkey; Type: CONSTRAINT; Schema: public; Owner: dimastepanov
--

ALTER TABLE ONLY public.auth_user
    ADD CONSTRAINT auth_user_pkey PRIMARY KEY (id);


--
-- Name: auth_user_user_permissions auth_user_user_permissions_pkey; Type: CONSTRAINT; Schema: public; Owner: dimastepanov
--

ALTER TABLE ONLY public.auth_user_user_permissions
    ADD CONSTRAINT auth_user_user_permissions_pkey PRIMARY KEY (id);


--
-- Name: auth_user_user_permissions auth_user_user_permissions_user_id_permission_id_14a6b632_uniq; Type: CONSTRAINT; Schema: public; Owner: dimastepanov
--

ALTER TABLE ONLY public.auth_user_user_permissions
    ADD CONSTRAINT auth_user_user_permissions_user_id_permission_id_14a6b632_uniq UNIQUE (user_id, permission_id);


--
-- Name: auth_user auth_user_username_key; Type: CONSTRAINT; Schema: public; Owner: dimastepanov
--

ALTER TABLE ONLY public.auth_user
    ADD CONSTRAINT auth_user_username_key UNIQUE (username);


--
-- Name: core_admin core_admin_email_key; Type: CONSTRAINT; Schema: public; Owner: dimastepanov
--

ALTER TABLE ONLY public.core_admin
    ADD CONSTRAINT core_admin_email_key UNIQUE (email);


--
-- Name: core_admin core_admin_pkey; Type: CONSTRAINT; Schema: public; Owner: dimastepanov
--

ALTER TABLE ONLY public.core_admin
    ADD CONSTRAINT core_admin_pkey PRIMARY KEY (id);


--
-- Name: core_bot core_bot_pkey; Type: CONSTRAINT; Schema: public; Owner: dimastepanov
--

ALTER TABLE ONLY public.core_bot
    ADD CONSTRAINT core_bot_pkey PRIMARY KEY (id);


--
-- Name: core_bot core_bot_token_key; Type: CONSTRAINT; Schema: public; Owner: dimastepanov
--

ALTER TABLE ONLY public.core_bot
    ADD CONSTRAINT core_bot_token_key UNIQUE (token);


--
-- Name: core_client core_client_email_key; Type: CONSTRAINT; Schema: public; Owner: dimastepanov
--

ALTER TABLE ONLY public.core_client
    ADD CONSTRAINT core_client_email_key UNIQUE (email);


--
-- Name: core_client core_client_pkey; Type: CONSTRAINT; Schema: public; Owner: dimastepanov
--

ALTER TABLE ONLY public.core_client
    ADD CONSTRAINT core_client_pkey PRIMARY KEY (id);


--
-- Name: core_masteradmin core_masteradmin_email_key; Type: CONSTRAINT; Schema: public; Owner: dimastepanov
--

ALTER TABLE ONLY public.core_masteradmin
    ADD CONSTRAINT core_masteradmin_email_key UNIQUE (email);


--
-- Name: core_masteradmin_groups core_masteradmin_groups_masteradmin_id_group_id_7e9d541f_uniq; Type: CONSTRAINT; Schema: public; Owner: dimastepanov
--

ALTER TABLE ONLY public.core_masteradmin_groups
    ADD CONSTRAINT core_masteradmin_groups_masteradmin_id_group_id_7e9d541f_uniq UNIQUE (masteradmin_id, group_id);


--
-- Name: core_masteradmin_groups core_masteradmin_groups_pkey; Type: CONSTRAINT; Schema: public; Owner: dimastepanov
--

ALTER TABLE ONLY public.core_masteradmin_groups
    ADD CONSTRAINT core_masteradmin_groups_pkey PRIMARY KEY (id);


--
-- Name: core_masteradmin core_masteradmin_pkey; Type: CONSTRAINT; Schema: public; Owner: dimastepanov
--

ALTER TABLE ONLY public.core_masteradmin
    ADD CONSTRAINT core_masteradmin_pkey PRIMARY KEY (id);


--
-- Name: core_masteradmin_user_permissions core_masteradmin_user_pe_masteradmin_id_permissio_613c4707_uniq; Type: CONSTRAINT; Schema: public; Owner: dimastepanov
--

ALTER TABLE ONLY public.core_masteradmin_user_permissions
    ADD CONSTRAINT core_masteradmin_user_pe_masteradmin_id_permissio_613c4707_uniq UNIQUE (masteradmin_id, permission_id);


--
-- Name: core_masteradmin_user_permissions core_masteradmin_user_permissions_pkey; Type: CONSTRAINT; Schema: public; Owner: dimastepanov
--

ALTER TABLE ONLY public.core_masteradmin_user_permissions
    ADD CONSTRAINT core_masteradmin_user_permissions_pkey PRIMARY KEY (id);


--
-- Name: core_message core_message_pkey; Type: CONSTRAINT; Schema: public; Owner: dimastepanov
--

ALTER TABLE ONLY public.core_message
    ADD CONSTRAINT core_message_pkey PRIMARY KEY (id);


--
-- Name: django_admin_log django_admin_log_pkey; Type: CONSTRAINT; Schema: public; Owner: dimastepanov
--

ALTER TABLE ONLY public.django_admin_log
    ADD CONSTRAINT django_admin_log_pkey PRIMARY KEY (id);


--
-- Name: django_content_type django_content_type_app_label_model_76bd3d3b_uniq; Type: CONSTRAINT; Schema: public; Owner: dimastepanov
--

ALTER TABLE ONLY public.django_content_type
    ADD CONSTRAINT django_content_type_app_label_model_76bd3d3b_uniq UNIQUE (app_label, model);


--
-- Name: django_content_type django_content_type_pkey; Type: CONSTRAINT; Schema: public; Owner: dimastepanov
--

ALTER TABLE ONLY public.django_content_type
    ADD CONSTRAINT django_content_type_pkey PRIMARY KEY (id);


--
-- Name: django_migrations django_migrations_pkey; Type: CONSTRAINT; Schema: public; Owner: dimastepanov
--

ALTER TABLE ONLY public.django_migrations
    ADD CONSTRAINT django_migrations_pkey PRIMARY KEY (id);


--
-- Name: django_session django_session_pkey; Type: CONSTRAINT; Schema: public; Owner: dimastepanov
--

ALTER TABLE ONLY public.django_session
    ADD CONSTRAINT django_session_pkey PRIMARY KEY (session_key);


--
-- Name: auth_group_name_a6ea08ec_like; Type: INDEX; Schema: public; Owner: dimastepanov
--

CREATE INDEX auth_group_name_a6ea08ec_like ON public.auth_group USING btree (name varchar_pattern_ops);


--
-- Name: auth_group_permissions_group_id_b120cbf9; Type: INDEX; Schema: public; Owner: dimastepanov
--

CREATE INDEX auth_group_permissions_group_id_b120cbf9 ON public.auth_group_permissions USING btree (group_id);


--
-- Name: auth_group_permissions_permission_id_84c5c92e; Type: INDEX; Schema: public; Owner: dimastepanov
--

CREATE INDEX auth_group_permissions_permission_id_84c5c92e ON public.auth_group_permissions USING btree (permission_id);


--
-- Name: auth_permission_content_type_id_2f476e4b; Type: INDEX; Schema: public; Owner: dimastepanov
--

CREATE INDEX auth_permission_content_type_id_2f476e4b ON public.auth_permission USING btree (content_type_id);


--
-- Name: auth_user_groups_group_id_97559544; Type: INDEX; Schema: public; Owner: dimastepanov
--

CREATE INDEX auth_user_groups_group_id_97559544 ON public.auth_user_groups USING btree (group_id);


--
-- Name: auth_user_groups_user_id_6a12ed8b; Type: INDEX; Schema: public; Owner: dimastepanov
--

CREATE INDEX auth_user_groups_user_id_6a12ed8b ON public.auth_user_groups USING btree (user_id);


--
-- Name: auth_user_user_permissions_permission_id_1fbb5f2c; Type: INDEX; Schema: public; Owner: dimastepanov
--

CREATE INDEX auth_user_user_permissions_permission_id_1fbb5f2c ON public.auth_user_user_permissions USING btree (permission_id);


--
-- Name: auth_user_user_permissions_user_id_a95ead1b; Type: INDEX; Schema: public; Owner: dimastepanov
--

CREATE INDEX auth_user_user_permissions_user_id_a95ead1b ON public.auth_user_user_permissions USING btree (user_id);


--
-- Name: auth_user_username_6821ab7c_like; Type: INDEX; Schema: public; Owner: dimastepanov
--

CREATE INDEX auth_user_username_6821ab7c_like ON public.auth_user USING btree (username varchar_pattern_ops);


--
-- Name: core_admin_client_id_3b3a27e6; Type: INDEX; Schema: public; Owner: dimastepanov
--

CREATE INDEX core_admin_client_id_3b3a27e6 ON public.core_admin USING btree (client_id);


--
-- Name: core_admin_email_418f9816_like; Type: INDEX; Schema: public; Owner: dimastepanov
--

CREATE INDEX core_admin_email_418f9816_like ON public.core_admin USING btree (email varchar_pattern_ops);


--
-- Name: core_bot_client_id_d20552f8; Type: INDEX; Schema: public; Owner: dimastepanov
--

CREATE INDEX core_bot_client_id_d20552f8 ON public.core_bot USING btree (client_id);


--
-- Name: core_bot_token_21f517c3_like; Type: INDEX; Schema: public; Owner: dimastepanov
--

CREATE INDEX core_bot_token_21f517c3_like ON public.core_bot USING btree (token varchar_pattern_ops);


--
-- Name: core_client_email_326fcfc6_like; Type: INDEX; Schema: public; Owner: dimastepanov
--

CREATE INDEX core_client_email_326fcfc6_like ON public.core_client USING btree (email varchar_pattern_ops);


--
-- Name: core_client_master_admin_id_0f386d77; Type: INDEX; Schema: public; Owner: dimastepanov
--

CREATE INDEX core_client_master_admin_id_0f386d77 ON public.core_client USING btree (master_admin_id);


--
-- Name: core_masteradmin_email_7667d001_like; Type: INDEX; Schema: public; Owner: dimastepanov
--

CREATE INDEX core_masteradmin_email_7667d001_like ON public.core_masteradmin USING btree (email varchar_pattern_ops);


--
-- Name: core_masteradmin_groups_group_id_7800177b; Type: INDEX; Schema: public; Owner: dimastepanov
--

CREATE INDEX core_masteradmin_groups_group_id_7800177b ON public.core_masteradmin_groups USING btree (group_id);


--
-- Name: core_masteradmin_groups_masteradmin_id_1eda7e34; Type: INDEX; Schema: public; Owner: dimastepanov
--

CREATE INDEX core_masteradmin_groups_masteradmin_id_1eda7e34 ON public.core_masteradmin_groups USING btree (masteradmin_id);


--
-- Name: core_masteradmin_user_permissions_masteradmin_id_67a2de3f; Type: INDEX; Schema: public; Owner: dimastepanov
--

CREATE INDEX core_masteradmin_user_permissions_masteradmin_id_67a2de3f ON public.core_masteradmin_user_permissions USING btree (masteradmin_id);


--
-- Name: core_masteradmin_user_permissions_permission_id_ad3cad85; Type: INDEX; Schema: public; Owner: dimastepanov
--

CREATE INDEX core_masteradmin_user_permissions_permission_id_ad3cad85 ON public.core_masteradmin_user_permissions USING btree (permission_id);


--
-- Name: django_admin_log_content_type_id_c4bce8eb; Type: INDEX; Schema: public; Owner: dimastepanov
--

CREATE INDEX django_admin_log_content_type_id_c4bce8eb ON public.django_admin_log USING btree (content_type_id);


--
-- Name: django_admin_log_user_id_c564eba6; Type: INDEX; Schema: public; Owner: dimastepanov
--

CREATE INDEX django_admin_log_user_id_c564eba6 ON public.django_admin_log USING btree (user_id);


--
-- Name: django_session_expire_date_a5c62663; Type: INDEX; Schema: public; Owner: dimastepanov
--

CREATE INDEX django_session_expire_date_a5c62663 ON public.django_session USING btree (expire_date);


--
-- Name: django_session_session_key_c0390e0f_like; Type: INDEX; Schema: public; Owner: dimastepanov
--

CREATE INDEX django_session_session_key_c0390e0f_like ON public.django_session USING btree (session_key varchar_pattern_ops);


--
-- Name: auth_group_permissions auth_group_permissio_permission_id_84c5c92e_fk_auth_perm; Type: FK CONSTRAINT; Schema: public; Owner: dimastepanov
--

ALTER TABLE ONLY public.auth_group_permissions
    ADD CONSTRAINT auth_group_permissio_permission_id_84c5c92e_fk_auth_perm FOREIGN KEY (permission_id) REFERENCES public.auth_permission(id) DEFERRABLE INITIALLY DEFERRED;


--
-- Name: auth_group_permissions auth_group_permissions_group_id_b120cbf9_fk_auth_group_id; Type: FK CONSTRAINT; Schema: public; Owner: dimastepanov
--

ALTER TABLE ONLY public.auth_group_permissions
    ADD CONSTRAINT auth_group_permissions_group_id_b120cbf9_fk_auth_group_id FOREIGN KEY (group_id) REFERENCES public.auth_group(id) DEFERRABLE INITIALLY DEFERRED;


--
-- Name: auth_permission auth_permission_content_type_id_2f476e4b_fk_django_co; Type: FK CONSTRAINT; Schema: public; Owner: dimastepanov
--

ALTER TABLE ONLY public.auth_permission
    ADD CONSTRAINT auth_permission_content_type_id_2f476e4b_fk_django_co FOREIGN KEY (content_type_id) REFERENCES public.django_content_type(id) DEFERRABLE INITIALLY DEFERRED;


--
-- Name: auth_user_groups auth_user_groups_group_id_97559544_fk_auth_group_id; Type: FK CONSTRAINT; Schema: public; Owner: dimastepanov
--

ALTER TABLE ONLY public.auth_user_groups
    ADD CONSTRAINT auth_user_groups_group_id_97559544_fk_auth_group_id FOREIGN KEY (group_id) REFERENCES public.auth_group(id) DEFERRABLE INITIALLY DEFERRED;


--
-- Name: auth_user_groups auth_user_groups_user_id_6a12ed8b_fk_auth_user_id; Type: FK CONSTRAINT; Schema: public; Owner: dimastepanov
--

ALTER TABLE ONLY public.auth_user_groups
    ADD CONSTRAINT auth_user_groups_user_id_6a12ed8b_fk_auth_user_id FOREIGN KEY (user_id) REFERENCES public.auth_user(id) DEFERRABLE INITIALLY DEFERRED;


--
-- Name: auth_user_user_permissions auth_user_user_permi_permission_id_1fbb5f2c_fk_auth_perm; Type: FK CONSTRAINT; Schema: public; Owner: dimastepanov
--

ALTER TABLE ONLY public.auth_user_user_permissions
    ADD CONSTRAINT auth_user_user_permi_permission_id_1fbb5f2c_fk_auth_perm FOREIGN KEY (permission_id) REFERENCES public.auth_permission(id) DEFERRABLE INITIALLY DEFERRED;


--
-- Name: auth_user_user_permissions auth_user_user_permissions_user_id_a95ead1b_fk_auth_user_id; Type: FK CONSTRAINT; Schema: public; Owner: dimastepanov
--

ALTER TABLE ONLY public.auth_user_user_permissions
    ADD CONSTRAINT auth_user_user_permissions_user_id_a95ead1b_fk_auth_user_id FOREIGN KEY (user_id) REFERENCES public.auth_user(id) DEFERRABLE INITIALLY DEFERRED;


--
-- Name: core_admin core_admin_client_id_3b3a27e6_fk_core_client_id; Type: FK CONSTRAINT; Schema: public; Owner: dimastepanov
--

ALTER TABLE ONLY public.core_admin
    ADD CONSTRAINT core_admin_client_id_3b3a27e6_fk_core_client_id FOREIGN KEY (client_id) REFERENCES public.core_client(id) DEFERRABLE INITIALLY DEFERRED;


--
-- Name: core_bot core_bot_client_id_d20552f8_fk_core_client_id; Type: FK CONSTRAINT; Schema: public; Owner: dimastepanov
--

ALTER TABLE ONLY public.core_bot
    ADD CONSTRAINT core_bot_client_id_d20552f8_fk_core_client_id FOREIGN KEY (client_id) REFERENCES public.core_client(id) DEFERRABLE INITIALLY DEFERRED;


--
-- Name: core_client core_client_master_admin_id_0f386d77_fk_core_masteradmin_id; Type: FK CONSTRAINT; Schema: public; Owner: dimastepanov
--

ALTER TABLE ONLY public.core_client
    ADD CONSTRAINT core_client_master_admin_id_0f386d77_fk_core_masteradmin_id FOREIGN KEY (master_admin_id) REFERENCES public.core_masteradmin(id) DEFERRABLE INITIALLY DEFERRED;


--
-- Name: core_masteradmin_groups core_masteradmin_groups_group_id_7800177b_fk_auth_group_id; Type: FK CONSTRAINT; Schema: public; Owner: dimastepanov
--

ALTER TABLE ONLY public.core_masteradmin_groups
    ADD CONSTRAINT core_masteradmin_groups_group_id_7800177b_fk_auth_group_id FOREIGN KEY (group_id) REFERENCES public.auth_group(id) DEFERRABLE INITIALLY DEFERRED;


--
-- Name: core_masteradmin_user_permissions core_masteradmin_use_permission_id_ad3cad85_fk_auth_perm; Type: FK CONSTRAINT; Schema: public; Owner: dimastepanov
--

ALTER TABLE ONLY public.core_masteradmin_user_permissions
    ADD CONSTRAINT core_masteradmin_use_permission_id_ad3cad85_fk_auth_perm FOREIGN KEY (permission_id) REFERENCES public.auth_permission(id) DEFERRABLE INITIALLY DEFERRED;


--
-- Name: django_admin_log django_admin_log_content_type_id_c4bce8eb_fk_django_co; Type: FK CONSTRAINT; Schema: public; Owner: dimastepanov
--

ALTER TABLE ONLY public.django_admin_log
    ADD CONSTRAINT django_admin_log_content_type_id_c4bce8eb_fk_django_co FOREIGN KEY (content_type_id) REFERENCES public.django_content_type(id) DEFERRABLE INITIALLY DEFERRED;


--
-- Name: django_admin_log django_admin_log_user_id_c564eba6_fk_auth_user_id; Type: FK CONSTRAINT; Schema: public; Owner: dimastepanov
--

ALTER TABLE ONLY public.django_admin_log
    ADD CONSTRAINT django_admin_log_user_id_c564eba6_fk_auth_user_id FOREIGN KEY (user_id) REFERENCES public.auth_user(id) DEFERRABLE INITIALLY DEFERRED;


--
-- PostgreSQL database dump complete
--

