--
-- PostgreSQL database dump
--

-- Dumped from database version 14.12 (Homebrew)
-- Dumped by pg_dump version 14.12 (Homebrew)

SET statement_timeout = 0;
SET lock_timeout = 0;
SET idle_in_transaction_session_timeout = 0;
SET client_encoding = 'UTF8';
SET standard_conforming_strings = on;
SELECT pg_catalog.set_config('search_path', '', false);
SET check_function_bodies = false;
SET xmloption = content;
SET client_min_messages = warning;
SET row_security = off;

SET default_tablespace = '';

SET default_table_access_method = heap;

--
-- Name: auth_group; Type: TABLE; Schema: public; Owner: dimastepanov
--

CREATE TABLE public.auth_group (
    id integer NOT NULL,
    name character varying(150) NOT NULL
);


ALTER TABLE public.auth_group OWNER TO dimastepanov;

--
-- Name: auth_group_id_seq; Type: SEQUENCE; Schema: public; Owner: dimastepanov
--

ALTER TABLE public.auth_group ALTER COLUMN id ADD GENERATED BY DEFAULT AS IDENTITY (
    SEQUENCE NAME public.auth_group_id_seq
    START WITH 1
    INCREMENT BY 1
    NO MINVALUE
    NO MAXVALUE
    CACHE 1
);


--
-- Name: auth_group_permissions; Type: TABLE; Schema: public; Owner: dimastepanov
--

CREATE TABLE public.auth_group_permissions (
    id bigint NOT NULL,
    group_id integer NOT NULL,
    permission_id integer NOT NULL
);


ALTER TABLE public.auth_group_permissions OWNER TO dimastepanov;

--
-- Name: auth_group_permissions_id_seq; Type: SEQUENCE; Schema: public; Owner: dimastepanov
--

ALTER TABLE public.auth_group_permissions ALTER COLUMN id ADD GENERATED BY DEFAULT AS IDENTITY (
    SEQUENCE NAME public.auth_group_permissions_id_seq
    START WITH 1
    INCREMENT BY 1
    NO MINVALUE
    NO MAXVALUE
    CACHE 1
);


--
-- Name: auth_permission; Type: TABLE; Schema: public; Owner: dimastepanov
--

CREATE TABLE public.auth_permission (
    id integer NOT NULL,
    name character varying(255) NOT NULL,
    content_type_id integer NOT NULL,
    codename character varying(100) NOT NULL
);


ALTER TABLE public.auth_permission OWNER TO dimastepanov;

--
-- Name: auth_permission_id_seq; Type: SEQUENCE; Schema: public; Owner: dimastepanov
--

ALTER TABLE public.auth_permission ALTER COLUMN id ADD GENERATED BY DEFAULT AS IDENTITY (
    SEQUENCE NAME public.auth_permission_id_seq
    START WITH 1
    INCREMENT BY 1
    NO MINVALUE
    NO MAXVALUE
    CACHE 1
);


--
-- Name: core_admin; Type: TABLE; Schema: public; Owner: dimastepanov
--

CREATE TABLE public.core_admin (
    id bigint NOT NULL,
    user_id bigint NOT NULL
);


ALTER TABLE public.core_admin OWNER TO dimastepanov;

--
-- Name: core_admin_id_seq; Type: SEQUENCE; Schema: public; Owner: dimastepanov
--

ALTER TABLE public.core_admin ALTER COLUMN id ADD GENERATED BY DEFAULT AS IDENTITY (
    SEQUENCE NAME public.core_admin_id_seq
    START WITH 1
    INCREMENT BY 1
    NO MINVALUE
    NO MAXVALUE
    CACHE 1
);


--
-- Name: core_bot; Type: TABLE; Schema: public; Owner: dimastepanov
--

CREATE TABLE public.core_bot (
    id bigint NOT NULL,
    name character varying(100) NOT NULL,
    token character varying(200) NOT NULL,
    admin_id bigint NOT NULL
);


ALTER TABLE public.core_bot OWNER TO dimastepanov;

--
-- Name: core_bot_id_seq; Type: SEQUENCE; Schema: public; Owner: dimastepanov
--

ALTER TABLE public.core_bot ALTER COLUMN id ADD GENERATED BY DEFAULT AS IDENTITY (
    SEQUENCE NAME public.core_bot_id_seq
    START WITH 1
    INCREMENT BY 1
    NO MINVALUE
    NO MAXVALUE
    CACHE 1
);


--
-- Name: core_message; Type: TABLE; Schema: public; Owner: dimastepanov
--

CREATE TABLE public.core_message (
    id bigint NOT NULL,
    user_id character varying(255) NOT NULL,
    text text NOT NULL,
    message_type character varying(50) NOT NULL,
    created_at timestamp with time zone NOT NULL,
    bot_id bigint NOT NULL
);


ALTER TABLE public.core_message OWNER TO dimastepanov;

--
-- Name: core_message_id_seq; Type: SEQUENCE; Schema: public; Owner: dimastepanov
--

ALTER TABLE public.core_message ALTER COLUMN id ADD GENERATED BY DEFAULT AS IDENTITY (
    SEQUENCE NAME public.core_message_id_seq
    START WITH 1
    INCREMENT BY 1
    NO MINVALUE
    NO MAXVALUE
    CACHE 1
);


--
-- Name: core_user; Type: TABLE; Schema: public; Owner: dimastepanov
--

CREATE TABLE public.core_user (
    id bigint NOT NULL,
    password character varying(128) NOT NULL,
    last_login timestamp with time zone,
    is_superuser boolean NOT NULL,
    email character varying(254) NOT NULL,
    name character varying(100) NOT NULL,
    is_active boolean NOT NULL,
    is_staff boolean NOT NULL,
    is_admin boolean NOT NULL,
    is_master_admin boolean NOT NULL,
    date_joined timestamp with time zone NOT NULL
);


ALTER TABLE public.core_user OWNER TO dimastepanov;

--
-- Name: core_user_groups; Type: TABLE; Schema: public; Owner: dimastepanov
--

CREATE TABLE public.core_user_groups (
    id bigint NOT NULL,
    user_id bigint NOT NULL,
    group_id integer NOT NULL
);


ALTER TABLE public.core_user_groups OWNER TO dimastepanov;

--
-- Name: core_user_groups_id_seq; Type: SEQUENCE; Schema: public; Owner: dimastepanov
--

ALTER TABLE public.core_user_groups ALTER COLUMN id ADD GENERATED BY DEFAULT AS IDENTITY (
    SEQUENCE NAME public.core_user_groups_id_seq
    START WITH 1
    INCREMENT BY 1
    NO MINVALUE
    NO MAXVALUE
    CACHE 1
);


--
-- Name: core_user_id_seq; Type: SEQUENCE; Schema: public; Owner: dimastepanov
--

ALTER TABLE public.core_user ALTER COLUMN id ADD GENERATED BY DEFAULT AS IDENTITY (
    SEQUENCE NAME public.core_user_id_seq
    START WITH 1
    INCREMENT BY 1
    NO MINVALUE
    NO MAXVALUE
    CACHE 1
);


--
-- Name: core_user_user_permissions; Type: TABLE; Schema: public; Owner: dimastepanov
--

CREATE TABLE public.core_user_user_permissions (
    id bigint NOT NULL,
    user_id bigint NOT NULL,
    permission_id integer NOT NULL
);


ALTER TABLE public.core_user_user_permissions OWNER TO dimastepanov;

--
-- Name: core_user_user_permissions_id_seq; Type: SEQUENCE; Schema: public; Owner: dimastepanov
--

ALTER TABLE public.core_user_user_permissions ALTER COLUMN id ADD GENERATED BY DEFAULT AS IDENTITY (
    SEQUENCE NAME public.core_user_user_permissions_id_seq
    START WITH 1
    INCREMENT BY 1
    NO MINVALUE
    NO MAXVALUE
    CACHE 1
);


--
-- Name: django_admin_log; Type: TABLE; Schema: public; Owner: dimastepanov
--

CREATE TABLE public.django_admin_log (
    id integer NOT NULL,
    action_time timestamp with time zone NOT NULL,
    object_id text,
    object_repr character varying(200) NOT NULL,
    action_flag smallint NOT NULL,
    change_message text NOT NULL,
    content_type_id integer,
    user_id bigint NOT NULL,
    CONSTRAINT django_admin_log_action_flag_check CHECK ((action_flag >= 0))
);


ALTER TABLE public.django_admin_log OWNER TO dimastepanov;

--
-- Name: django_admin_log_id_seq; Type: SEQUENCE; Schema: public; Owner: dimastepanov
--

ALTER TABLE public.django_admin_log ALTER COLUMN id ADD GENERATED BY DEFAULT AS IDENTITY (
    SEQUENCE NAME public.django_admin_log_id_seq
    START WITH 1
    INCREMENT BY 1
    NO MINVALUE
    NO MAXVALUE
    CACHE 1
);


--
-- Name: django_content_type; Type: TABLE; Schema: public; Owner: dimastepanov
--

CREATE TABLE public.django_content_type (
    id integer NOT NULL,
    app_label character varying(100) NOT NULL,
    model character varying(100) NOT NULL
);


ALTER TABLE public.django_content_type OWNER TO dimastepanov;

--
-- Name: django_content_type_id_seq; Type: SEQUENCE; Schema: public; Owner: dimastepanov
--

ALTER TABLE public.django_content_type ALTER COLUMN id ADD GENERATED BY DEFAULT AS IDENTITY (
    SEQUENCE NAME public.django_content_type_id_seq
    START WITH 1
    INCREMENT BY 1
    NO MINVALUE
    NO MAXVALUE
    CACHE 1
);


--
-- Name: django_migrations; Type: TABLE; Schema: public; Owner: dimastepanov
--

CREATE TABLE public.django_migrations (
    id bigint NOT NULL,
    app character varying(255) NOT NULL,
    name character varying(255) NOT NULL,
    applied timestamp with time zone NOT NULL
);


ALTER TABLE public.django_migrations OWNER TO dimastepanov;

--
-- Name: django_migrations_id_seq; Type: SEQUENCE; Schema: public; Owner: dimastepanov
--

ALTER TABLE public.django_migrations ALTER COLUMN id ADD GENERATED BY DEFAULT AS IDENTITY (
    SEQUENCE NAME public.django_migrations_id_seq
    START WITH 1
    INCREMENT BY 1
    NO MINVALUE
    NO MAXVALUE
    CACHE 1
);


--
-- Name: django_session; Type: TABLE; Schema: public; Owner: dimastepanov
--

CREATE TABLE public.django_session (
    session_key character varying(40) NOT NULL,
    session_data text NOT NULL,
    expire_date timestamp with time zone NOT NULL
);


ALTER TABLE public.django_session OWNER TO dimastepanov;

--
-- Data for Name: auth_group; Type: TABLE DATA; Schema: public; Owner: dimastepanov
--

COPY public.auth_group (id, name) FROM stdin;
\.


--
-- Data for Name: auth_group_permissions; Type: TABLE DATA; Schema: public; Owner: dimastepanov
--

COPY public.auth_group_permissions (id, group_id, permission_id) FROM stdin;
\.


--
-- Data for Name: auth_permission; Type: TABLE DATA; Schema: public; Owner: dimastepanov
--

COPY public.auth_permission (id, name, content_type_id, codename) FROM stdin;
1	Can add log entry	1	add_logentry
2	Can change log entry	1	change_logentry
3	Can delete log entry	1	delete_logentry
4	Can view log entry	1	view_logentry
5	Can add permission	2	add_permission
6	Can change permission	2	change_permission
7	Can delete permission	2	delete_permission
8	Can view permission	2	view_permission
9	Can add group	3	add_group
10	Can change group	3	change_group
11	Can delete group	3	delete_group
12	Can view group	3	view_group
13	Can add content type	4	add_contenttype
14	Can change content type	4	change_contenttype
15	Can delete content type	4	delete_contenttype
16	Can view content type	4	view_contenttype
17	Can add session	5	add_session
18	Can change session	5	change_session
19	Can delete session	5	delete_session
20	Can view session	5	view_session
21	Can add user	6	add_user
22	Can change user	6	change_user
23	Can delete user	6	delete_user
24	Can view user	6	view_user
25	Can add admin	7	add_admin
26	Can change admin	7	change_admin
27	Can delete admin	7	delete_admin
28	Can view admin	7	view_admin
29	Can add bot	8	add_bot
30	Can change bot	8	change_bot
31	Can delete bot	8	delete_bot
32	Can view bot	8	view_bot
33	Can add message	9	add_message
34	Can change message	9	change_message
35	Can delete message	9	delete_message
36	Can view message	9	view_message
\.


--
-- Data for Name: core_admin; Type: TABLE DATA; Schema: public; Owner: dimastepanov
--

COPY public.core_admin (id, user_id) FROM stdin;
1	2
\.


--
-- Data for Name: core_bot; Type: TABLE DATA; Schema: public; Owner: dimastepanov
--

COPY public.core_bot (id, name, token, admin_id) FROM stdin;
1	Test Bot	123344566	1
\.


--
-- Data for Name: core_message; Type: TABLE DATA; Schema: public; Owner: dimastepanov
--

COPY public.core_message (id, user_id, text, message_type, created_at, bot_id) FROM stdin;
\.


--
-- Data for Name: core_user; Type: TABLE DATA; Schema: public; Owner: dimastepanov
--

COPY public.core_user (id, password, last_login, is_superuser, email, name, is_active, is_staff, is_admin, is_master_admin, date_joined) FROM stdin;
1	pbkdf2_sha256$720000$Uq9kk5kIi8KMwTHhmC9ND8$b6Frt21F86b22i8ZxXlPEQDqKf/C0Gw+xEXFtDD25V4=	2024-07-09 13:34:25.100486+07	t	super@example.com	Superuser	t	t	f	f	2024-07-05 20:04:51.251727+07
2	pbkdf2_sha256$720000$WOJj8UVITVyOvWWvlvMhdZ$6IHeZvjkVdf0LK/UDAazxLhxdKzDVNTcTCXNOdzC6XA=	2024-07-09 14:36:14.395851+07	f	admin@example.com		t	f	f	f	2024-07-05 20:07:15.329815+07
\.


--
-- Data for Name: core_user_groups; Type: TABLE DATA; Schema: public; Owner: dimastepanov
--

COPY public.core_user_groups (id, user_id, group_id) FROM stdin;
\.


--
-- Data for Name: core_user_user_permissions; Type: TABLE DATA; Schema: public; Owner: dimastepanov
--

COPY public.core_user_user_permissions (id, user_id, permission_id) FROM stdin;
\.


--
-- Data for Name: django_admin_log; Type: TABLE DATA; Schema: public; Owner: dimastepanov
--

COPY public.django_admin_log (id, action_time, object_id, object_repr, action_flag, change_message, content_type_id, user_id) FROM stdin;
1	2024-07-05 20:07:15.331676+07	2	admin@example.com	1	[{"added": {}}]	6	1
2	2024-07-05 20:17:26.700055+07	1	Admin object (1)	1	[{"added": {}}]	7	1
3	2024-07-05 20:17:44.147114+07	1	Bot object (1)	1	[{"added": {}}]	8	1
\.


--
-- Data for Name: django_content_type; Type: TABLE DATA; Schema: public; Owner: dimastepanov
--

COPY public.django_content_type (id, app_label, model) FROM stdin;
1	admin	logentry
2	auth	permission
3	auth	group
4	contenttypes	contenttype
5	sessions	session
6	core	user
7	core	admin
8	core	bot
9	core	message
\.


--
-- Data for Name: django_migrations; Type: TABLE DATA; Schema: public; Owner: dimastepanov
--

COPY public.django_migrations (id, app, name, applied) FROM stdin;
1	contenttypes	0001_initial	2024-07-05 20:04:25.828389+07
2	contenttypes	0002_remove_content_type_name	2024-07-05 20:04:25.831947+07
3	auth	0001_initial	2024-07-05 20:04:25.84715+07
4	auth	0002_alter_permission_name_max_length	2024-07-05 20:04:25.849068+07
5	auth	0003_alter_user_email_max_length	2024-07-05 20:04:25.850325+07
6	auth	0004_alter_user_username_opts	2024-07-05 20:04:25.851681+07
7	auth	0005_alter_user_last_login_null	2024-07-05 20:04:25.853074+07
8	auth	0006_require_contenttypes_0002	2024-07-05 20:04:25.853686+07
9	auth	0007_alter_validators_add_error_messages	2024-07-05 20:04:25.855906+07
10	auth	0008_alter_user_username_max_length	2024-07-05 20:04:25.857247+07
11	auth	0009_alter_user_last_name_max_length	2024-07-05 20:04:25.865571+07
12	auth	0010_alter_group_name_max_length	2024-07-05 20:04:25.868327+07
13	auth	0011_update_proxy_permissions	2024-07-05 20:04:25.870062+07
14	auth	0012_alter_user_first_name_max_length	2024-07-05 20:04:25.871628+07
15	core	0001_initial	2024-07-05 20:04:25.903549+07
16	admin	0001_initial	2024-07-05 20:04:25.913455+07
17	admin	0002_logentry_remove_auto_add	2024-07-05 20:04:25.916719+07
18	admin	0003_logentry_add_action_flag_choices	2024-07-05 20:04:25.918844+07
19	sessions	0001_initial	2024-07-05 20:04:25.923524+07
\.


--
-- Data for Name: django_session; Type: TABLE DATA; Schema: public; Owner: dimastepanov
--

COPY public.django_session (session_key, session_data, expire_date) FROM stdin;
6tmy92fuxydeagu6d8uccu9x5k55mahn	.eJxVjDsOwjAQBe_iGln-fyjpcwbL3l1wANlSnFSIu0OkFNC-mXkvlvK21rQNWtKM7MwkO_1uJcOD2g7wntutc-htXebCd4UfdPCpIz0vh_t3UPOo3zqANEQyg1VCkYxXB2BQFQfZBzQ6Bi-V0wQ-WorWAXoVlUEdCKUTgr0_5Qk3fg:1sPidU:vVF_lDq0cvTyQnTeRAJUh47wk3DnIptpxhXWWosgu5k	2024-07-19 20:06:00.28357+07
qb9gan1zpymobua1vfmk28y901wpf7jw	.eJxVjMsOwiAQRf-FtSG8B1y69xvIMFCpGkhKuzL-uzbpQrf3nHNfLOK21riNssQ5szNT7PS7JaRHaTvId2y3zqm3dZkT3xV-0MGvPZfn5XD_DiqO-q3ReKOMFOiNg-DRapqysz4EC0VBcUR60toSZEKBEqSFIDFpwiCcd-z9AcHBNyQ:1sPipe:7FjSEFWUW6TLOdgYT-Yku-GQrMFZ2QEqYLFvLeZZx0w	2024-07-19 20:18:34.630216+07
\.


--
-- Name: auth_group_id_seq; Type: SEQUENCE SET; Schema: public; Owner: dimastepanov
--

SELECT pg_catalog.setval('public.auth_group_id_seq', 1, false);


--
-- Name: auth_group_permissions_id_seq; Type: SEQUENCE SET; Schema: public; Owner: dimastepanov
--

SELECT pg_catalog.setval('public.auth_group_permissions_id_seq', 1, false);


--
-- Name: auth_permission_id_seq; Type: SEQUENCE SET; Schema: public; Owner: dimastepanov
--

SELECT pg_catalog.setval('public.auth_permission_id_seq', 36, true);


--
-- Name: core_admin_id_seq; Type: SEQUENCE SET; Schema: public; Owner: dimastepanov
--

SELECT pg_catalog.setval('public.core_admin_id_seq', 1, true);


--
-- Name: core_bot_id_seq; Type: SEQUENCE SET; Schema: public; Owner: dimastepanov
--

SELECT pg_catalog.setval('public.core_bot_id_seq', 1, true);


--
-- Name: core_message_id_seq; Type: SEQUENCE SET; Schema: public; Owner: dimastepanov
--

SELECT pg_catalog.setval('public.core_message_id_seq', 1, false);


--
-- Name: core_user_groups_id_seq; Type: SEQUENCE SET; Schema: public; Owner: dimastepanov
--

SELECT pg_catalog.setval('public.core_user_groups_id_seq', 1, false);


--
-- Name: core_user_id_seq; Type: SEQUENCE SET; Schema: public; Owner: dimastepanov
--

SELECT pg_catalog.setval('public.core_user_id_seq', 2, true);


--
-- Name: core_user_user_permissions_id_seq; Type: SEQUENCE SET; Schema: public; Owner: dimastepanov
--

SELECT pg_catalog.setval('public.core_user_user_permissions_id_seq', 1, false);


--
-- Name: django_admin_log_id_seq; Type: SEQUENCE SET; Schema: public; Owner: dimastepanov
--

SELECT pg_catalog.setval('public.django_admin_log_id_seq', 3, true);


--
-- Name: django_content_type_id_seq; Type: SEQUENCE SET; Schema: public; Owner: dimastepanov
--

SELECT pg_catalog.setval('public.django_content_type_id_seq', 9, true);


--
-- Name: django_migrations_id_seq; Type: SEQUENCE SET; Schema: public; Owner: dimastepanov
--

SELECT pg_catalog.setval('public.django_migrations_id_seq', 19, true);


--
-- Name: auth_group auth_group_name_key; Type: CONSTRAINT; Schema: public; Owner: dimastepanov
--

ALTER TABLE ONLY public.auth_group
    ADD CONSTRAINT auth_group_name_key UNIQUE (name);


--
-- Name: auth_group_permissions auth_group_permissions_group_id_permission_id_0cd325b0_uniq; Type: CONSTRAINT; Schema: public; Owner: dimastepanov
--

ALTER TABLE ONLY public.auth_group_permissions
    ADD CONSTRAINT auth_group_permissions_group_id_permission_id_0cd325b0_uniq UNIQUE (group_id, permission_id);


--
-- Name: auth_group_permissions auth_group_permissions_pkey; Type: CONSTRAINT; Schema: public; Owner: dimastepanov
--

ALTER TABLE ONLY public.auth_group_permissions
    ADD CONSTRAINT auth_group_permissions_pkey PRIMARY KEY (id);


--
-- Name: auth_group auth_group_pkey; Type: CONSTRAINT; Schema: public; Owner: dimastepanov
--

ALTER TABLE ONLY public.auth_group
    ADD CONSTRAINT auth_group_pkey PRIMARY KEY (id);


--
-- Name: auth_permission auth_permission_content_type_id_codename_01ab375a_uniq; Type: CONSTRAINT; Schema: public; Owner: dimastepanov
--

ALTER TABLE ONLY public.auth_permission
    ADD CONSTRAINT auth_permission_content_type_id_codename_01ab375a_uniq UNIQUE (content_type_id, codename);


--
-- Name: auth_permission auth_permission_pkey; Type: CONSTRAINT; Schema: public; Owner: dimastepanov
--

ALTER TABLE ONLY public.auth_permission
    ADD CONSTRAINT auth_permission_pkey PRIMARY KEY (id);


--
-- Name: core_admin core_admin_pkey; Type: CONSTRAINT; Schema: public; Owner: dimastepanov
--

ALTER TABLE ONLY public.core_admin
    ADD CONSTRAINT core_admin_pkey PRIMARY KEY (id);


--
-- Name: core_admin core_admin_user_id_key; Type: CONSTRAINT; Schema: public; Owner: dimastepanov
--

ALTER TABLE ONLY public.core_admin
    ADD CONSTRAINT core_admin_user_id_key UNIQUE (user_id);


--
-- Name: core_bot core_bot_pkey; Type: CONSTRAINT; Schema: public; Owner: dimastepanov
--

ALTER TABLE ONLY public.core_bot
    ADD CONSTRAINT core_bot_pkey PRIMARY KEY (id);


--
-- Name: core_message core_message_pkey; Type: CONSTRAINT; Schema: public; Owner: dimastepanov
--

ALTER TABLE ONLY public.core_message
    ADD CONSTRAINT core_message_pkey PRIMARY KEY (id);


--
-- Name: core_user core_user_email_key; Type: CONSTRAINT; Schema: public; Owner: dimastepanov
--

ALTER TABLE ONLY public.core_user
    ADD CONSTRAINT core_user_email_key UNIQUE (email);


--
-- Name: core_user_groups core_user_groups_pkey; Type: CONSTRAINT; Schema: public; Owner: dimastepanov
--

ALTER TABLE ONLY public.core_user_groups
    ADD CONSTRAINT core_user_groups_pkey PRIMARY KEY (id);


--
-- Name: core_user_groups core_user_groups_user_id_group_id_c82fcad1_uniq; Type: CONSTRAINT; Schema: public; Owner: dimastepanov
--

ALTER TABLE ONLY public.core_user_groups
    ADD CONSTRAINT core_user_groups_user_id_group_id_c82fcad1_uniq UNIQUE (user_id, group_id);


--
-- Name: core_user core_user_pkey; Type: CONSTRAINT; Schema: public; Owner: dimastepanov
--

ALTER TABLE ONLY public.core_user
    ADD CONSTRAINT core_user_pkey PRIMARY KEY (id);


--
-- Name: core_user_user_permissions core_user_user_permissions_pkey; Type: CONSTRAINT; Schema: public; Owner: dimastepanov
--

ALTER TABLE ONLY public.core_user_user_permissions
    ADD CONSTRAINT core_user_user_permissions_pkey PRIMARY KEY (id);


--
-- Name: core_user_user_permissions core_user_user_permissions_user_id_permission_id_73ea0daa_uniq; Type: CONSTRAINT; Schema: public; Owner: dimastepanov
--

ALTER TABLE ONLY public.core_user_user_permissions
    ADD CONSTRAINT core_user_user_permissions_user_id_permission_id_73ea0daa_uniq UNIQUE (user_id, permission_id);


--
-- Name: django_admin_log django_admin_log_pkey; Type: CONSTRAINT; Schema: public; Owner: dimastepanov
--

ALTER TABLE ONLY public.django_admin_log
    ADD CONSTRAINT django_admin_log_pkey PRIMARY KEY (id);


--
-- Name: django_content_type django_content_type_app_label_model_76bd3d3b_uniq; Type: CONSTRAINT; Schema: public; Owner: dimastepanov
--

ALTER TABLE ONLY public.django_content_type
    ADD CONSTRAINT django_content_type_app_label_model_76bd3d3b_uniq UNIQUE (app_label, model);


--
-- Name: django_content_type django_content_type_pkey; Type: CONSTRAINT; Schema: public; Owner: dimastepanov
--

ALTER TABLE ONLY public.django_content_type
    ADD CONSTRAINT django_content_type_pkey PRIMARY KEY (id);


--
-- Name: django_migrations django_migrations_pkey; Type: CONSTRAINT; Schema: public; Owner: dimastepanov
--

ALTER TABLE ONLY public.django_migrations
    ADD CONSTRAINT django_migrations_pkey PRIMARY KEY (id);


--
-- Name: django_session django_session_pkey; Type: CONSTRAINT; Schema: public; Owner: dimastepanov
--

ALTER TABLE ONLY public.django_session
    ADD CONSTRAINT django_session_pkey PRIMARY KEY (session_key);


--
-- Name: auth_group_name_a6ea08ec_like; Type: INDEX; Schema: public; Owner: dimastepanov
--

CREATE INDEX auth_group_name_a6ea08ec_like ON public.auth_group USING btree (name varchar_pattern_ops);


--
-- Name: auth_group_permissions_group_id_b120cbf9; Type: INDEX; Schema: public; Owner: dimastepanov
--

CREATE INDEX auth_group_permissions_group_id_b120cbf9 ON public.auth_group_permissions USING btree (group_id);


--
-- Name: auth_group_permissions_permission_id_84c5c92e; Type: INDEX; Schema: public; Owner: dimastepanov
--

CREATE INDEX auth_group_permissions_permission_id_84c5c92e ON public.auth_group_permissions USING btree (permission_id);


--
-- Name: auth_permission_content_type_id_2f476e4b; Type: INDEX; Schema: public; Owner: dimastepanov
--

CREATE INDEX auth_permission_content_type_id_2f476e4b ON public.auth_permission USING btree (content_type_id);


--
-- Name: core_bot_admin_id_249a2a45; Type: INDEX; Schema: public; Owner: dimastepanov
--

CREATE INDEX core_bot_admin_id_249a2a45 ON public.core_bot USING btree (admin_id);


--
-- Name: core_message_bot_id_ecc3f59b; Type: INDEX; Schema: public; Owner: dimastepanov
--

CREATE INDEX core_message_bot_id_ecc3f59b ON public.core_message USING btree (bot_id);


--
-- Name: core_user_email_92a71487_like; Type: INDEX; Schema: public; Owner: dimastepanov
--

CREATE INDEX core_user_email_92a71487_like ON public.core_user USING btree (email varchar_pattern_ops);


--
-- Name: core_user_groups_group_id_fe8c697f; Type: INDEX; Schema: public; Owner: dimastepanov
--

CREATE INDEX core_user_groups_group_id_fe8c697f ON public.core_user_groups USING btree (group_id);


--
-- Name: core_user_groups_user_id_70b4d9b8; Type: INDEX; Schema: public; Owner: dimastepanov
--

CREATE INDEX core_user_groups_user_id_70b4d9b8 ON public.core_user_groups USING btree (user_id);


--
-- Name: core_user_user_permissions_permission_id_35ccf601; Type: INDEX; Schema: public; Owner: dimastepanov
--

CREATE INDEX core_user_user_permissions_permission_id_35ccf601 ON public.core_user_user_permissions USING btree (permission_id);


--
-- Name: core_user_user_permissions_user_id_085123d3; Type: INDEX; Schema: public; Owner: dimastepanov
--

CREATE INDEX core_user_user_permissions_user_id_085123d3 ON public.core_user_user_permissions USING btree (user_id);


--
-- Name: django_admin_log_content_type_id_c4bce8eb; Type: INDEX; Schema: public; Owner: dimastepanov
--

CREATE INDEX django_admin_log_content_type_id_c4bce8eb ON public.django_admin_log USING btree (content_type_id);


--
-- Name: django_admin_log_user_id_c564eba6; Type: INDEX; Schema: public; Owner: dimastepanov
--

CREATE INDEX django_admin_log_user_id_c564eba6 ON public.django_admin_log USING btree (user_id);


--
-- Name: django_session_expire_date_a5c62663; Type: INDEX; Schema: public; Owner: dimastepanov
--

CREATE INDEX django_session_expire_date_a5c62663 ON public.django_session USING btree (expire_date);


--
-- Name: django_session_session_key_c0390e0f_like; Type: INDEX; Schema: public; Owner: dimastepanov
--

CREATE INDEX django_session_session_key_c0390e0f_like ON public.django_session USING btree (session_key varchar_pattern_ops);


--
-- Name: auth_group_permissions auth_group_permissio_permission_id_84c5c92e_fk_auth_perm; Type: FK CONSTRAINT; Schema: public; Owner: dimastepanov
--

ALTER TABLE ONLY public.auth_group_permissions
    ADD CONSTRAINT auth_group_permissio_permission_id_84c5c92e_fk_auth_perm FOREIGN KEY (permission_id) REFERENCES public.auth_permission(id) DEFERRABLE INITIALLY DEFERRED;


--
-- Name: auth_group_permissions auth_group_permissions_group_id_b120cbf9_fk_auth_group_id; Type: FK CONSTRAINT; Schema: public; Owner: dimastepanov
--

ALTER TABLE ONLY public.auth_group_permissions
    ADD CONSTRAINT auth_group_permissions_group_id_b120cbf9_fk_auth_group_id FOREIGN KEY (group_id) REFERENCES public.auth_group(id) DEFERRABLE INITIALLY DEFERRED;


--
-- Name: auth_permission auth_permission_content_type_id_2f476e4b_fk_django_co; Type: FK CONSTRAINT; Schema: public; Owner: dimastepanov
--

ALTER TABLE ONLY public.auth_permission
    ADD CONSTRAINT auth_permission_content_type_id_2f476e4b_fk_django_co FOREIGN KEY (content_type_id) REFERENCES public.django_content_type(id) DEFERRABLE INITIALLY DEFERRED;


--
-- Name: core_admin core_admin_user_id_8bc0cb90_fk_core_user_id; Type: FK CONSTRAINT; Schema: public; Owner: dimastepanov
--

ALTER TABLE ONLY public.core_admin
    ADD CONSTRAINT core_admin_user_id_8bc0cb90_fk_core_user_id FOREIGN KEY (user_id) REFERENCES public.core_user(id) DEFERRABLE INITIALLY DEFERRED;


--
-- Name: core_bot core_bot_admin_id_249a2a45_fk_core_admin_id; Type: FK CONSTRAINT; Schema: public; Owner: dimastepanov
--

ALTER TABLE ONLY public.core_bot
    ADD CONSTRAINT core_bot_admin_id_249a2a45_fk_core_admin_id FOREIGN KEY (admin_id) REFERENCES public.core_admin(id) DEFERRABLE INITIALLY DEFERRED;


--
-- Name: core_message core_message_bot_id_ecc3f59b_fk_core_bot_id; Type: FK CONSTRAINT; Schema: public; Owner: dimastepanov
--

ALTER TABLE ONLY public.core_message
    ADD CONSTRAINT core_message_bot_id_ecc3f59b_fk_core_bot_id FOREIGN KEY (bot_id) REFERENCES public.core_bot(id) DEFERRABLE INITIALLY DEFERRED;


--
-- Name: core_user_groups core_user_groups_group_id_fe8c697f_fk_auth_group_id; Type: FK CONSTRAINT; Schema: public; Owner: dimastepanov
--

ALTER TABLE ONLY public.core_user_groups
    ADD CONSTRAINT core_user_groups_group_id_fe8c697f_fk_auth_group_id FOREIGN KEY (group_id) REFERENCES public.auth_group(id) DEFERRABLE INITIALLY DEFERRED;


--
-- Name: core_user_groups core_user_groups_user_id_70b4d9b8_fk_core_user_id; Type: FK CONSTRAINT; Schema: public; Owner: dimastepanov
--

ALTER TABLE ONLY public.core_user_groups
    ADD CONSTRAINT core_user_groups_user_id_70b4d9b8_fk_core_user_id FOREIGN KEY (user_id) REFERENCES public.core_user(id) DEFERRABLE INITIALLY DEFERRED;


--
-- Name: core_user_user_permissions core_user_user_permi_permission_id_35ccf601_fk_auth_perm; Type: FK CONSTRAINT; Schema: public; Owner: dimastepanov
--

ALTER TABLE ONLY public.core_user_user_permissions
    ADD CONSTRAINT core_user_user_permi_permission_id_35ccf601_fk_auth_perm FOREIGN KEY (permission_id) REFERENCES public.auth_permission(id) DEFERRABLE INITIALLY DEFERRED;


--
-- Name: core_user_user_permissions core_user_user_permissions_user_id_085123d3_fk_core_user_id; Type: FK CONSTRAINT; Schema: public; Owner: dimastepanov
--

ALTER TABLE ONLY public.core_user_user_permissions
    ADD CONSTRAINT core_user_user_permissions_user_id_085123d3_fk_core_user_id FOREIGN KEY (user_id) REFERENCES public.core_user(id) DEFERRABLE INITIALLY DEFERRED;


--
-- Name: django_admin_log django_admin_log_content_type_id_c4bce8eb_fk_django_co; Type: FK CONSTRAINT; Schema: public; Owner: dimastepanov
--

ALTER TABLE ONLY public.django_admin_log
    ADD CONSTRAINT django_admin_log_content_type_id_c4bce8eb_fk_django_co FOREIGN KEY (content_type_id) REFERENCES public.django_content_type(id) DEFERRABLE INITIALLY DEFERRED;


--
-- Name: django_admin_log django_admin_log_user_id_c564eba6_fk_core_user_id; Type: FK CONSTRAINT; Schema: public; Owner: dimastepanov
--

ALTER TABLE ONLY public.django_admin_log
    ADD CONSTRAINT django_admin_log_user_id_c564eba6_fk_core_user_id FOREIGN KEY (user_id) REFERENCES public.core_user(id) DEFERRABLE INITIALLY DEFERRED;


--
-- PostgreSQL database dump complete
--

